<?xml version="1.0" encoding="utf-8"?>
<GetCoverage
    xmlns:wcs="http://www.opengis.new/wcs/1.1.1"
    xmlns:xlink="http://www.w3.org/1999/xlink"
    xmlns:ogc="http://www.opengis.net/ogc"
    xmlns:ows="http://www.opengis.net/ows/1.1"
    xmlns:gml="http://www.opengis.net/gml"
    xmlns:xsi="http://www.w3.org/2001/XMLSchema-instance" xsi:schemaLocation="http://www.opengis.net/wcs/1.1.1 http://schemas.opengis.net/wcs/1.1.1/wcsAll.xsd">
    <ows:Identifier>Landsat_SR_T1_test_20221001_20221004_B1_a19d940a0d95</ows:Identifier>
    <DomainSubset>
        <ows:BoundingBox crs="urn:ogc:def:crs:EPSG::4326">
            <ows:LowerCorner>113.6297399070711 29.849417305664165</ows:LowerCorner>
            <ows:UpperCorner>115.2836351247613 31.508472245098087</ows:UpperCorner>
        </ows:BoundingBox>
    </DomainSubset>
    <Output store="true" format="image/tiff"/>
</GetCoverage>